{"cod":"200","message":0,"cnt":40,"list":[{"dt":1736478000,"main":{"temp":22.66,"feels_like":23.02,"temp_min":22.66,"temp_max":26.02,"pressure":1016,"sea_level":1016,"grnd_level":1016,"humidity":78,"temp_kf":-3.36},"weather":[{"id":800,"main":"Clear","description":"clear sky","icon":"01d"}],"clouds":{"all":2},"wind":{"speed":3.19,"deg":35,"gust":3.82},"visibility":10000,"pop":0,"sys":{"pod":"d"},"dt_txt":"2025-01-10 03:00:00"},{"dt":1736488800,"main":{"temp":27.45,"feels_like":28.16,"temp_min":27.45,"temp_max":30.68,"pressure":1015,"sea_level":1015,"grnd_level":1014,"humidity":54,"temp_kf":-3.23},"weather":[{"id":800,"main":"Clear","description":"clear sky","icon":"01d"}],"clouds":{"all":1},"wind":{"speed":2.96,"deg":55,"gust":3.15},"visibility":10000,"pop":0,"sys":{"pod":"d"},"dt_txt":"2025-01-10 06:00:00"},{"dt":1736499600,"main":{"temp":31.99,"feels_like":31.18,"temp_min":31.99,"temp_max":31.99,"pressure":1012,"sea_level":1012,"grnd_level":1011,"humidity":33,"temp_kf":0},"weather":[{"id":800,"main":"Clear","description":"clear sky","icon":"01d"}],"clouds":{"all":3},"wind":{"speed":2.28,"deg":126,"gust":2},"visibility":10000,"pop":0,"sys":{"pod":"d"},"dt_txt":"2025-01-10 09:00:00"},{"dt":1736510400,"main":{"temp":26.41,"feels_like":26.41,"temp_min":26.41,"temp_max":26.41,"pressure":1013,"sea_level":1013,"grnd_level":1012,"humidity":48,"temp_kf":0},"weather":[{"id":800,"main":"Clear","description":"clear sky","icon":"01n"}],"clouds":{"all":4},"wind":{"speed":2.6,"deg":176,"gust":3.65},"visibility":10000,"pop":0,"sys":{"pod":"n"},"dt_txt":"2025-01-10 12:00:00"},{"dt":1736521200,"main":{"temp":25.57,"feels_like":25.44,"temp_min":25.57,"temp_max":25.57,"pressure":1015,"sea_level":1015,"grnd_level":1014,"humidity":48,"temp_kf":0},"weather":[{"id":800,"main":"Clear","description":"clear sky","icon":"01n"}],"clouds":{"all":5},"wind":{"speed":2.37,"deg":271,"gust":2.56},"visibility":10000,"pop":0,"sys":{"pod":"n"},"dt_txt":"2025-01-10 15:00:00"},{"dt":1736532000,"main":{"temp":23.44,"feels_like":23.25,"temp_min":23.44,"temp_max":23.44,"pressure":1015,"sea_level":1015,"grnd_level":1014,"humidity":54,"temp_kf":0},"weather":[{"id":800,"main":"Clear","description":"clear sky","icon":"01n"}],"clouds":{"all":2},"wind":{"speed":1.92,"deg":336,"gust":2.79},"visibility":10000,"pop":0,"sys":{"pod":"n"},"dt_txt":"2025-01-10 18:00:00"},{"dt":1736542800,"main":{"temp":22.59,"feels_like":22.42,"temp_min":22.59,"temp_max":22.59,"pressure":1014,"sea_level":1014,"grnd_level":1013,"humidity":58,"temp_kf":0},"weather":[{"id":800,"main":"Clear","description":"clear sky","icon":"01n"}],"clouds":{"all":4},"wind":{"speed":1.97,"deg":2,"gust":2.3},"visibility":10000,"pop":0,"sys":{"pod":"n"},"dt_txt":"2025-01-10 21:00:00"},{"dt":1736553600,"main":{"temp":21.76,"feels_like":21.64,"temp_min":21.76,"temp_max":21.76,"pressure":1015,"sea_level":1015,"grnd_level":1015,"humidity":63,"temp_kf":0},"weather":[{"id":800,"main":"Clear","description":"clear sky","icon":"01n"}],"clouds":{"all":3},"wind":{"speed":2.94,"deg":28,"gust":3.7},"visibility":10000,"pop":0,"sys":{"pod":"n"},"dt_txt":"2025-01-11 00:00:00"},{"dt":1736564400,"main":{"temp":28.13,"feels_like":28.41,"temp_min":28.13,"temp_max":28.13,"pressure":1018,"sea_level":1018,"grnd_level":1017,"humidity":48,"temp_kf":0},"weather":[{"id":800,"main":"Clear","description":"clear sky","icon":"01d"}],"clouds":{"all":4},"wind":{"speed":4.03,"deg":127,"gust":5.57},"visibility":10000,"pop":0,"sys":{"pod":"d"},"dt_txt":"2025-01-11 03:00:00"},{"dt":1736575200,"main":{"temp":31.55,"feels_like":31.04,"temp_min":31.55,"temp_max":31.55,"pressure":1014,"sea_level":1014,"grnd_level":1014,"humidity":36,"temp_kf":0},"weather":[{"id":800,"main":"Clear","description":"clear sky","icon":"01d"}],"clouds":{"all":4},"wind":{"speed":3.61,"deg":76,"gust":4.01},"visibility":10000,"pop":0,"sys":{"pod":"d"},"dt_txt":"2025-01-11 06:00:00"},{"dt":1736586000,"main":{"temp":32.21,"feels_like":31.31,"temp_min":32.21,"temp_max":32.21,"pressure":1012,"sea_level":1012,"grnd_level":1011,"humidity":32,"temp_kf":0},"weather":[{"id":801,"main":"Clouds","description":"few clouds","icon":"02d"}],"clouds":{"all":11},"wind":{"speed":3.35,"deg":76,"gust":3.55},"visibility":10000,"pop":0,"sys":{"pod":"d"},"dt_txt":"2025-01-11 09:00:00"},{"dt":1736596800,"main":{"temp":27.07,"feels_like":27.13,"temp_min":27.07,"temp_max":27.07,"pressure":1014,"sea_level":1014,"grnd_level":1013,"humidity":44,"temp_kf":0},"weather":[{"id":803,"main":"Clouds","description":"broken clouds","icon":"04n"}],"clouds":{"all":55},"wind":{"speed":2.21,"deg":151,"gust":3.28},"visibility":10000,"pop":0,"sys":{"pod":"n"},"dt_txt":"2025-01-11 12:00:00"},{"dt":1736607600,"main":{"temp":25.01,"feels_like":24.85,"temp_min":25.01,"temp_max":25.01,"pressure":1016,"sea_level":1016,"grnd_level":1015,"humidity":49,"temp_kf":0},"weather":[{"id":804,"main":"Clouds","description":"overcast clouds","icon":"04n"}],"clouds":{"all":100},"wind":{"speed":1.14,"deg":125,"gust":1},"visibility":10000,"pop":0,"sys":{"pod":"n"},"dt_txt":"2025-01-11 15:00:00"},{"dt":1736618400,"main":{"temp":24.7,"feels_like":24.51,"temp_min":24.7,"temp_max":24.7,"pressure":1016,"sea_level":1016,"grnd_level":1015,"humidity":49,"temp_kf":0},"weather":[{"id":804,"main":"Clouds","description":"overcast clouds","icon":"04n"}],"clouds":{"all":85},"wind":{"speed":3.54,"deg":113,"gust":7.04},"visibility":10000,"pop":0,"sys":{"pod":"n"},"dt_txt":"2025-01-11 18:00:00"},{"dt":1736629200,"main":{"temp":23.3,"feels_like":23.07,"temp_min":23.3,"temp_max":23.3,"pressure":1015,"sea_level":1015,"grnd_level":1014,"humidity":53,"temp_kf":0},"weather":[{"id":801,"main":"Clouds","description":"few clouds","icon":"02n"}],"clouds":{"all":24},"wind":{"speed":3.18,"deg":131,"gust":7.18},"visibility":10000,"pop":0,"sys":{"pod":"n"},"dt_txt":"2025-01-11 21:00:00"},{"dt":1736640000,"main":{"temp":22.1,"feels_like":21.96,"temp_min":22.1,"temp_max":22.1,"pressure":1016,"sea_level":1016,"grnd_level":1015,"humidity":61,"temp_kf":0},"weather":[{"id":802,"main":"Clouds","description":"scattered clouds","icon":"03n"}],"clouds":{"all":41},"wind":{"speed":2.98,"deg":129,"gust":5.13},"visibility":10000,"pop":0,"sys":{"pod":"n"},"dt_txt":"2025-01-12 00:00:00"},{"dt":1736650800,"main":{"temp":26.76,"feels_like":26.74,"temp_min":26.76,"temp_max":26.76,"pressure":1017,"sea_level":1017,"grnd_level":1017,"humidity":41,"temp_kf":0},"weather":[{"id":803,"main":"Clouds","description":"broken clouds","icon":"04d"}],"clouds":{"all":75},"wind":{"speed":6.81,"deg":107,"gust":7.87},"visibility":10000,"pop":0,"sys":{"pod":"d"},"dt_txt":"2025-01-12 03:00:00"},{"dt":1736661600,"main":{"temp":30.12,"feels_like":29.11,"temp_min":30.12,"temp_max":30.12,"pressure":1014,"sea_level":1014,"grnd_level":1013,"humidity":33,"temp_kf":0},"weather":[{"id":803,"main":"Clouds","description":"broken clouds","icon":"04d"}],"clouds":{"all":59},"wind":{"speed":4.24,"deg":96,"gust":5.22},"visibility":10000,"pop":0,"sys":{"pod":"d"},"dt_txt":"2025-01-12 06:00:00"},{"dt":1736672400,"main":{"temp":30.55,"feels_like":29.28,"temp_min":30.55,"temp_max":30.55,"pressure":1012,"sea_level":1012,"grnd_level":1011,"humidity":30,"temp_kf":0},"weather":[{"id":803,"main":"Clouds","description":"broken clouds","icon":"04d"}],"clouds":{"all":61},"wind":{"speed":4.14,"deg":110,"gust":3.89},"visibility":10000,"pop":0,"sys":{"pod":"d"},"dt_txt":"2025-01-12 09:00:00"},{"dt":1736683200,"main":{"temp":25.11,"feels_like":24.85,"temp_min":25.11,"temp_max":25.11,"pressure":1013,"sea_level":1013,"grnd_level":1012,"humidity":45,"temp_kf":0},"weather":[{"id":803,"main":"Clouds","description":"broken clouds","icon":"04n"}],"clouds":{"all":70},"wind":{"speed":3.28,"deg":162,"gust":4.14},"visibility":10000,"pop":0,"sys":{"pod":"n"},"dt_txt":"2025-01-12 12:00:00"},{"dt":1736694000,"main":{"temp":23.4,"feels_like":23.13,"temp_min":23.4,"temp_max":23.4,"pressure":1015,"sea_level":1015,"grnd_level":1014,"humidity":51,"temp_kf":0},"weather":[{"id":804,"main":"Clouds","description":"overcast clouds","icon":"04n"}],"clouds":{"all":90},"wind":{"speed":2.69,"deg":160,"gust":3.35},"visibility":10000,"pop":0,"sys":{"pod":"n"},"dt_txt":"2025-01-12 15:00:00"},{"dt":1736704800,"main":{"temp":22.65,"feels_like":22.35,"temp_min":22.65,"temp_max":22.65,"pressure":1015,"sea_level":1015,"grnd_level":1014,"humidity":53,"temp_kf":0},"weather":[{"id":804,"main":"Clouds","description":"overcast clouds","icon":"04n"}],"clouds":{"all":95},"wind":{"speed":2.08,"deg":122,"gust":2.96},"visibility":10000,"pop":0,"sys":{"pod":"n"},"dt_txt":"2025-01-12 18:00:00"},{"dt":1736715600,"main":{"temp":21.35,"feels_like":21.19,"temp_min":21.35,"temp_max":21.35,"pressure":1013,"sea_level":1013,"grnd_level":1012,"humidity":63,"temp_kf":0},"weather":[{"id":804,"main":"Clouds","description":"overcast clouds","icon":"04n"}],"clouds":{"all":92},"wind":{"speed":0.89,"deg":95,"gust":2.08},"visibility":10000,"pop":0,"sys":{"pod":"n"},"dt_txt":"2025-01-12 21:00:00"},{"dt":1736726400,"main":{"temp":20.63,"feels_like":20.37,"temp_min":20.63,"temp_max":20.63,"pressure":1014,"sea_level":1014,"grnd_level":1013,"humidity":62,"temp_kf":0},"weather":[{"id":804,"main":"Clouds","description":"overcast clouds","icon":"04n"}],"clouds":{"all":98},"wind":{"speed":1.48,"deg":100,"gust":1.98},"visibility":10000,"pop":0,"sys":{"pod":"n"},"dt_txt":"2025-01-13 00:00:00"},{"dt":1736737200,"main":{"temp":24.5,"feels_like":24.34,"temp_min":24.5,"temp_max":24.5,"pressure":1015,"sea_level":1015,"grnd_level":1015,"humidity":51,"temp_kf":0},"weather":[{"id":804,"main":"Clouds","description":"overcast clouds","icon":"04d"}],"clouds":{"all":100},"wind":{"speed":2.52,"deg":78,"gust":3.16},"visibility":10000,"pop":0,"sys":{"pod":"d"},"dt_txt":"2025-01-13 03:00:00"},{"dt":1736748000,"main":{"temp":29.2,"feels_like":28.54,"temp_min":29.2,"temp_max":29.2,"pressure":1013,"sea_level":1013,"grnd_level":1012,"humidity":37,"temp_kf":0},"weather":[{"id":804,"main":"Clouds","description":"overcast clouds","icon":"04d"}],"clouds":{"all":99},"wind":{"speed":2.74,"deg":25,"gust":2.52},"visibility":10000,"pop":0,"sys":{"pod":"d"},"dt_txt":"2025-01-13 06:00:00"},{"dt":1736758800,"main":{"temp":30.71,"feels_like":29.62,"temp_min":30.71,"temp_max":30.71,"pressure":1010,"sea_level":1010,"grnd_level":1009,"humidity":32,"temp_kf":0},"weather":[{"id":804,"main":"Clouds","description":"overcast clouds","icon":"04d"}],"clouds":{"all":92},"wind":{"speed":3.39,"deg":343,"gust":1.83},"visibility":10000,"pop":0,"sys":{"pod":"d"},"dt_txt":"2025-01-13 09:00:00"},{"dt":1736769600,"main":{"temp":25.33,"feels_like":25.17,"temp_min":25.33,"temp_max":25.33,"pressure":1012,"sea_level":1012,"grnd_level":1011,"humidity":48,"temp_kf":0},"weather":[{"id":803,"main":"Clouds","description":"broken clouds","icon":"04n"}],"clouds":{"all":80},"wind":{"speed":0.78,"deg":208,"gust":1.91},"visibility":10000,"pop":0,"sys":{"pod":"n"},"dt_txt":"2025-01-13 12:00:00"},{"dt":1736780400,"main":{"temp":23.24,"feels_like":23.11,"temp_min":23.24,"temp_max":23.24,"pressure":1013,"sea_level":1013,"grnd_level":1013,"humidity":57,"temp_kf":0},"weather":[{"id":800,"main":"Clear","description":"clear sky","icon":"01n"}],"clouds":{"all":5},"wind":{"speed":2.5,"deg":209,"gust":2.48},"visibility":10000,"pop":0,"sys":{"pod":"n"},"dt_txt":"2025-01-13 15:00:00"},{"dt":1736791200,"main":{"temp":21.35,"feels_like":21.21,"temp_min":21.35,"temp_max":21.35,"pressure":1013,"sea_level":1013,"grnd_level":1012,"humidity":64,"temp_kf":0},"weather":[{"id":800,"main":"Clear","description":"clear sky","icon":"01n"}],"clouds":{"all":5},"wind":{"speed":3.21,"deg":265,"gust":5.36},"visibility":10000,"pop":0,"sys":{"pod":"n"},"dt_txt":"2025-01-13 18:00:00"},{"dt":1736802000,"main":{"temp":20.11,"feels_like":20.13,"temp_min":20.11,"temp_max":20.11,"pressure":1012,"sea_level":1012,"grnd_level":1011,"humidity":75,"temp_kf":0},"weather":[{"id":800,"main":"Clear","description":"clear sky","icon":"01n"}],"clouds":{"all":9},"wind":{"speed":2.11,"deg":286,"gust":2.4},"visibility":10000,"pop":0,"sys":{"pod":"n"},"dt_txt":"2025-01-13 21:00:00"},{"dt":1736812800,"main":{"temp":19.79,"feels_like":19.89,"temp_min":19.79,"temp_max":19.79,"pressure":1013,"sea_level":1013,"grnd_level":1012,"humidity":79,"temp_kf":0},"weather":[{"id":800,"main":"Clear","description":"clear sky","icon":"01n"}],"clouds":{"all":6},"wind":{"speed":0.94,"deg":8,"gust":1.06},"visibility":10000,"pop":0,"sys":{"pod":"n"},"dt_txt":"2025-01-14 00:00:00"},{"dt":1736823600,"main":{"temp":25.97,"feels_like":25.97,"temp_min":25.97,"temp_max":25.97,"pressure":1015,"sea_level":1015,"grnd_level":1014,"humidity":55,"temp_kf":0},"weather":[{"id":801,"main":"Clouds","description":"few clouds","icon":"02d"}],"clouds":{"all":12},"wind":{"speed":1.15,"deg":20,"gust":0.88},"visibility":10000,"pop":0,"sys":{"pod":"d"},"dt_txt":"2025-01-14 03:00:00"},{"dt":1736834400,"main":{"temp":31.08,"feels_like":30.35,"temp_min":31.08,"temp_max":31.08,"pressure":1013,"sea_level":1013,"grnd_level":1012,"humidity":35,"temp_kf":0},"weather":[{"id":802,"main":"Clouds","description":"scattered clouds","icon":"03d"}],"clouds":{"all":45},"wind":{"speed":1,"deg":22,"gust":0.54},"visibility":10000,"pop":0,"sys":{"pod":"d"},"dt_txt":"2025-01-14 06:00:00"},{"dt":1736845200,"main":{"temp":32.16,"feels_like":30.67,"temp_min":32.16,"temp_max":32.16,"pressure":1010,"sea_level":1010,"grnd_level":1009,"humidity":27,"temp_kf":0},"weather":[{"id":803,"main":"Clouds","description":"broken clouds","icon":"04d"}],"clouds":{"all":79},"wind":{"speed":1.58,"deg":311,"gust":1.46},"visibility":10000,"pop":0,"sys":{"pod":"d"},"dt_txt":"2025-01-14 09:00:00"},{"dt":1736856000,"main":{"temp":26.07,"feels_like":26.07,"temp_min":26.07,"temp_max":26.07,"pressure":1011,"sea_level":1011,"grnd_level":1010,"humidity":48,"temp_kf":0},"weather":[{"id":803,"main":"Clouds","description":"broken clouds","icon":"04n"}],"clouds":{"all":66},"wind":{"speed":1.82,"deg":184,"gust":3.12},"visibility":10000,"pop":0,"sys":{"pod":"n"},"dt_txt":"2025-01-14 12:00:00"},{"dt":1736866800,"main":{"temp":24.18,"feels_like":24.19,"temp_min":24.18,"temp_max":24.18,"pressure":1013,"sea_level":1013,"grnd_level":1012,"humidity":59,"temp_kf":0},"weather":[{"id":804,"main":"Clouds","description":"overcast clouds","icon":"04n"}],"clouds":{"all":91},"wind":{"speed":2.86,"deg":226,"gust":3.82},"visibility":10000,"pop":0,"sys":{"pod":"n"},"dt_txt":"2025-01-14 15:00:00"},{"dt":1736877600,"main":{"temp":22.08,"feels_like":22.04,"temp_min":22.08,"temp_max":22.08,"pressure":1013,"sea_level":1013,"grnd_level":1012,"humidity":65,"temp_kf":0},"weather":[{"id":803,"main":"Clouds","description":"broken clouds","icon":"04n"}],"clouds":{"all":83},"wind":{"speed":2.87,"deg":264,"gust":4.3},"visibility":10000,"pop":0,"sys":{"pod":"n"},"dt_txt":"2025-01-14 18:00:00"},{"dt":1736888400,"main":{"temp":20.65,"feels_like":20.31,"temp_min":20.65,"temp_max":20.65,"pressure":1013,"sea_level":1013,"grnd_level":1012,"humidity":59,"temp_kf":0},"weather":[{"id":804,"main":"Clouds","description":"overcast clouds","icon":"04n"}],"clouds":{"all":94},"wind":{"speed":1.77,"deg":311,"gust":1.96},"visibility":10000,"pop":0,"sys":{"pod":"n"},"dt_txt":"2025-01-14 21:00:00"},{"dt":1736899200,"main":{"temp":20.04,"feels_like":19.69,"temp_min":20.04,"temp_max":20.04,"pressure":1014,"sea_level":1014,"grnd_level":1014,"humidity":61,"temp_kf":0},"weather":[{"id":804,"main":"Clouds","description":"overcast clouds","icon":"04n"}],"clouds":{"all":96},"wind":{"speed":1.96,"deg":18,"gust":2.07},"visibility":10000,"pop":0,"sys":{"pod":"n"},"dt_txt":"2025-01-15 00:00:00"}],"city":{"id":1298824,"name":"Yangon","coord":{"lat":16.8053,"lon":96.1561},"country":"MM","population":4477638,"timezone":23400,"sunrise":1736467610,"sunset":1736507903}}